Instituição Responsavel ;Nome do Programa ;Area de Interesse;Número da chamada;DATA DE VENCIMENTO;EDITAL
taú Unibanco/Instituto Ekos Brasil;Programa Ecomudança do Itaú;Meio Ambiente ;;27/03/2017;https://www.itau.com.br/sustentabilidade/riscos-e-oportunidades-socioambientais/ecomudanca/
Instituto Legado;O Projeto Legado 2017;Meio Ambiente Desenvolvimento comunitário;;15/03/2017;http://institutolegado.org/pl17/
UNESCO;Prêmio UNESCO-Japão Educação para o Desenvolvimento Sustentável;Meio Ambiente ;;02/05/2017;https://teams.unesco.org/_login/default.aspx?ReturnUrl=%2fsites%2fcommittees%2fesd-prize%2f_layouts%2f15%2fAuthenticate.aspx%3fSource%3d%252Fsites%252Fcommittees%252Fesd%252Dprize%252F%255Flayouts%252F15%252FAccessDenied%252Easpx%253FSource%253Dhttps%25253A%25252F%25252Fteams%25252Eunesco%25252Eorg%25252Fsites%25252Fcommittees%25252Fesd%25252Dprize&Source=%2Fsites%2Fcommittees%2Fesd-prize%2F_layouts%2F15%2FAccessDenied%2Easpx%3FSource%3Dhttps%253A%252F%252Fteams%252Eunesco%252Eorg%252Fsites%252Fcommittees%252Fesd%252Dprize
Coordenadoria Ecumênica de Serviço (CESE);Programa de Pequenos Projetos;Direitos Humanos, Fortalecimento Institucuinal, Desenvolvimento Econômico, Educação, Saúde Popular, Articulação Ecumênica, Comunicação, Cultura, Meio Ambiente ;;30/11/2017;https://www.cese.org.br/enviar-projeto/
Fundação Volkswagen;X Concurso de Projetos Sociais Volkswagen na Comunidade 2017;"Apoio à gestão de organizações de Terceiro Setor
Assistência Social
Cultura e Artes
Defesa de Direitos
Desenvolvimento comunitário
Educação
Empreendedorismo / Geração de Emprego e Renda
Esportes
Formação para o trabalho
Meio Ambiente
Saúde";;"17/04/2017
";http://vwnacomunidadeinscricoes.com.br/
Global Challenge Foundation;Global Challenges Prize 2017: A New Shape - Remodelling Global Cooperation;"Assistência Social
Ciência e Tecnologia
Defesa de Direitos
Desenvolvimento comunitário
Meio Ambiente";;24/05/2017;https://globalchallenges.org/em
Prefeitura de São Paulo ;Programa Municipal de Promoção de Atividades Culturais;"Cultura e Artes
";;"31/12/2017
";http://emcartaz.prefeitura.sp.gov.br/
Escritório das Nações Unidas sobre Drogas e Crime (UNODC);"UNODC HIV/AIDS GRANTS PROGRAMME
";Saúde;;20/03/2017;https://www.unodc.org/unodc/en/hiv-aids/call-for-proposals.html
